>gi|MOA05651|gb|FJ769318| Glomeraceae Glomus Konig10 group Ab ITS

TGATTTGGCGAACCGAGCGTTAGCGAGGTTTTGCGATCAACTTGTATTTAAAACCCAACTCTTTATAATATTTATACATAATTTTAATGATTAAAATTAAAGATCACTTTCAACAACGGATCTCTTGGCTCTCGCATCGATGAAGAACGTAGCGAAGTGCGATAAGTAATGTGAATTGCAGAATTCCGTGAATCATCGAATCTTTGAACGCATATTGCACTCTCTGGTATTCCGGAGAGTATGCCTGTTTGAGGGTCAGTTAAATAAAAATCGGGGTTTTTGCCACCTTTGGTGGTGACGCTTCGGAATTGGGTCGTCTTTACCTTTTGGTTAAGTGACTTAAAATTTTTTGTATGATATCTGAACGTATTTAAATTTATTTGGTACGTTTTGTAATATCGAATGTTTATTAGGTGTGATCATCCTCATGACTCACGTCTATAATTTTTCATT
>gi|MOA06850|gb|AM980836| Glomeraceae Glomus intraradices ITS

ACCTGCGGAGGATCATTACCGATTTTTAGCGGACCTGATCTTTGATCATGGTCTCGCGAAAACTTGTATTTAAAACCCCACTCTTATAAATTGAATCATTTTATATGTATATAATAAATAAAGATCACTTTCAACAACGGATCTCTTGGCTCTCGCATCGATGAAGAACGTAGCGAAGTGCGATAAGTAATGTGAATTGCAGAATTCCGTGAATCATCGAATCTTTGAACGCAAATTGCACTCTCTGGTAACCCGGGGAGTATGCCTGTTTGAGGGTCAGTGTTTAATAAAAATCGGTGCGTTGCAATTTTTGTGATGTTCCGGAGTTTGAGTTATCTTATCTTCTGGGTTTAAGAGGCTTAAAATTGACCTTCTTTGTGCATTTTAGACGTACATAAATTTTTTTTTATTCGTTTATCTTAATGCCAAAATCTATTAGATGCGACCATATCGTGTGGTTCCGTGTCTATAAATTTTTCATG
>gi|MOA06940|gb|AJ872048| Glomeraceae Glomus sp. 18S rDNA+ITS

GTAGTGACCTGCGGAAGGATCATTACCGATTTTTAGCGGACCTGATCTTTGATCATGGTCTCGCGAAAACTTGTATTTAAAACCCCACTCTTATAAATTAAATCATTATTTTATATTATGTATAATAAATAAAGATCACTTTCAACAACGGATCTCTTGGCTCTCGCATCGATGAAGAACGTAGCGAAGTGCGATAAGTAATGTGAATTGCAGAATTCCGTGAATCATCGAATCTTTGAACGCAAATTGCACTCTCTTCGGAGAGTATGCCTGTTTGAGGGTCAGTATTAATAAAAATCGGCGTGTTGCTCTTTTGTGACGCTCCGGAGTTTGGGTTATCTTATAACGATACCTTTCGAGGGTGTTTTAAGAGGCTTAAAATTGACATCATTTTTGCGTATTTTAGACGTACATAAATTTTTTTATTTCGTTTATTTTAATGCCAAAATCTATTAGATGCGACCATATCGTGTGGTTTCGTGTCTATAATTTTTTCAGGAT
>gi|MOA06810|gb|GQ205056| Glomeraceae Glomus irregulare ITS

TTACCGATTTTAGCGAACCTGACCTTTGGTTATGGTATCGCGAAAACATTGTATTTAAAACCCCACTCATAAAAAAAAAAATTTTTATATATAAATAAATAAAGATCACTTTCAACAACGGATCTCTTGGCTCTCGCATCGATGAAGAACGTAGCGAAGTGCGATAAGTAATGTGAATTGCAGAATTCCGTGGATCATCGAATCTTTGAACGCAAATTGCACTCTCTGGTAACCCGGGGAGTATGCCTGTTTGAGGGTCAGTGTTAATAAAAAATCGGTGCGTTGCAATTTTTGTGATGTTCCGGAGTTTGAGTTATCTTATCTTCTGGGTTTTAAGAGGCTTAAAATTGACCTTCTTTGTGCATTTTAGACGTACATAAATTTTTTTATTCGTTGATCTTAATGCCAAAATCTATTAGATGCGACCATATCGTGTGGTTCCGTGTCTATAAATTTTTCATG
>gi|MOA06639|gb|KF154765| Glomeraceae Rhizophagus arabicus 18S rDNA+ITS+28S rDNA

CAATTTTAGCGAACCTAACCTTTGGGTTATGGTCTCGCGAAAATCTTGTATTTAAAACCCCACTCTTTATAAAAATTGAATCTATTATATATAAATAATAAAGATCACTTTCAACAACGGATCTCTTGGCTCTCGCATCGATGAAGAACGTAGCGAAGTGCGATAAGTAATGTGAATTGCAGAATTCCGTGAATCATCGAATTTTTGAACGCAAATTGCACTCTCTGGCAACCCGGGGAGTATGCCCGTTTGAGGGTCAGTATAATTAAAAAATCGGTGCGTTGCAATTATTTTTGTGACGTTTCCGGAGTTTGGGTTACCTTAACCTCTTTTGGTTAAGAGACCTAAAATTGATATCTTTTGCGCATTTTTAGACGTACATAAATTCTTTTTTTTATTCGCCTAATTTTTAATGCCAAAATCTATTAGGTGCGACCATGTGTATGGTTACGTGTCTATAATTTTTCATA
>gi|MOA06945|gb|AJ872053| Glomeraceae Glomus Hijri06 Glom-A3 18S rDNA+ITS

CCGTAGTGACCTGCGGAAGGTCATTAATGATTTTTAAAGCGAGTCGAGCGTAAGCGAGGCTGCGAAATATTTAAAACCCCACTCTTTTTAACCTTAAAAAATAAATCATGATACATGAATTTAAAAAAAAGATCACTTTCAACAACGGATCTCTTAGCTCTCGCACCGATGAAGAACGCAGCGAAATGCGATAAGTAATGTGAATTGCATAATTTTGTGAATCATCGAATCTTTGAACGCAAATTGCACTCCCTGGTATTCCGGGGAGTATGCCTGTTTGAGGGTCGTTAGAATAAAAATCGAGGCATCGCTCTTTTTTTGAAGGGTGATCGCGTCGGAATTGAGCCGTCTTTCAAATGTTAATTCATGTCAAAGTGGCTTAAAATTCATCCATCCGGTACGATCAAAGCGTATTTAAGATCAATTTCGATTAAGAACGCGCGATGACGTACCATCTCATGTAGTACGTTTGACCTGGCGTCGTCAGGATCATTCGTATACGATCTCAACTTT
>gi|MOA06441|gb|AY744278| Glomeraceae Glomus sp. 18S rDNA+ITS

CAATTTTAGCGTACCTAACCTTTGGGTTATGGTCTCGCGAAAAAACTGTATTTAAAACCCCACTCTTTAATATAATAAATGAATCTATTTATATAATAATAAATAAAGATCACTTTCAACAACGGATCTCTTGGCTCTCGCATCGATGAAGAACGTAGCTAAGTGCGATAAGTAATGTGAATTGCAGAATTCCGTGAATCATCAAATTTTTGAACGCAAATTGCACTTCCTGGCATCCCGGGGAGTATGCCTGTTTGAGGGTCATTATAATTAAAAATCGGTGTGTTGCACCGGAGGTGGGTTATCTTGATCTAATTTTAGGTTAAGAGGCTTAAAATTGATATCTTTTGCGCATTTTTTAGACGTACATAAAATTTTTTTTTATTCGCCTATTTTAATGCCAAAATCCTATTAGATGCGACCTTATTTTTTTTATATGGTTACGTATCTATAATTATTTTCATA
>gi|MOA04626|gb|AY236276| Glomeraceae Glomus Wubet04 Glom17 18S rDNA+ITS+28S rDNA

CGATTTTAGCGAACCTGACCTTTTTGGTCATGGTCTCGCGAAAACTTTGTATTTAAAACCCCACTCTTTATGTAAATATTGAATCATTTTATTATTATTATAATAAATAAAGATCACTTTCAACAACGGATCTCTTGGCTCTCGCATCGATGAAGAACGTAGCGAAGTGCGATAAGTAATGTGAATTGCAGAGTTCCGTGAATCATCGAATCTTTGAACGCAAATTGCACTCTCTGGCATTCCGGGGAGTATGCCTGTTTGAGGGTCAGTGTAATTAAAAATCGGTAGGTTGCACTCTTAGTGTGTGTGACGTTTCCGGAGTTTGGGTTATCTTAGACCTTCAGGTTTTAAGAGGCTTAAAATTGACCATCCTTTTGCGCATTTTTTAGACGTACATGAATTTTTTTTTATTCGTCTTGAACTTGTGCCAAAAATTTTACTAGGTGCGGATTATGCATGATCTCGTATCCTATAAAATTTCATG
>gi|MOA06966|gb|AM114024| Glomeraceae Glomus Hijri06 Glom-A1 18S rDNA+ITS

TTACCGATTTTAGCGTACCTAACCTTTGGTTATGGTCTCGCGAAAACTTTGTATTTAAAACCCCACTCTTAAAAAAAAAATTTTTTAATATATAATAAATAAAGATCACTTTCAACAACGGATCTCTTGGCCCTCGCATCGATGAAGAACGTAGCGAAGTGCGATAAGTAATGTGAATTGCAAATTCCGTGAATCATCGAATCTTTGAACGCAAATTGCACTCTTTTCGGAGAGTATGCCTGTTTGAGGGTCAGTATTAATAAAAAATCGGTATGTTGCTTTTTTTGTGACGTTCCGGAGATGAGTTATCTTAATTTTTTTAGGTTAAGAGGCTTAAAATTGACATCTTTTTGCGCATTTTTTAGACGTACATAAATTTTTTTTTATTCGTTTATCCTAATGCCAAAATCTATTAGATGCGATCATATCATGTGGTTCCGTATCTATAAATATTTTCG
>gi|MOA04636|gb|AY236264| Glomeraceae Glomus Wubet04 Glom12 18S rDNA+ITS+28S rDNA

AAATCATGGCGAACCTCGCGTTTCGCGAGGTCTTACGTCCATTTTCGTATTTAAAACATCCCACTCTTTAAAAAATATTTATCTAATGATAAAAATAAAAAGATCACTTTCAACAACGGATCTCTTGGCTCTCGCATCGATGAAGAACGTAGCGAAGTGCGATATGTAGTGTGAATTGCAGAATTCCGTGAATCATCGAATTTTTGAACGCAAATTGCACTCTCTTCGGAGAGTATGCCTGTTTGAGGGTCAGCCTAAAAAAAATCGACATCGTTGCTGTTTCGCGGTGGCGTTCGTCGGAAATTGGGTCATCTTAAATCTTTTGGTTTAAGCGACTTAAAATTTTCTTTACGATTCCATGAACGTTTCTAAGATTTATTTCTTTACACGTTTAAGGTATCGATTTTATTAGACGTGGCCGTCATATCGGATCATGCCCATAATTTTTCGTT
>gi|MOA05285|gb|HQ243426| Glomeraceae Glomus Wang11 Glo1 18S rDNA+ITS+28S rDNA

CAATCTTAGCGGGCCTGGTCTTTGTCGACCATGGTTTCGCGAAAATCGTATTTAAAACCCCACTCTTATATAAAATGAATCATTTTATTTGTGATAATAAATAAAGATCACTTTCAACAACGGATCTCTTGGCTCTCGCATCGATGAAGAACGTAGCGAAGTGCGATAAGTAGTGTGAATTGCAGAATTCCGTGAATCATCGAATCTTTGAACGCAAATTGCACTCCCTGGCATCCCGGGGAGTATGCCTGTTCGAGGGTCAGTAAAATTAAAATCGGTACGTTGCATTTTTTTGTAACGTCTCCGGAGTTTGGGTTATCTTAGCTCTGAGGTTAAGAGGCTTAAAATTGACATCATTCCGCGCGCTTTTAGACGTACATAAATTAATTTTTATTCGTCTAGCTGGTGCCGAAGGTTATTAGGTGCGACCATATTTCGTGGTCTCGTGTCTATAAATTTTATCATG
>gi|MOA06850|gb|AM980836| Glomeraceae Glomus intraradices ITS

ACCTGCGGAGGATCATTACCGATTTTTAGCGGACCTGATCTTTGATCATGGTCTCGCGAAAACTTGTATTTAAAACCCCACTCTTATAAATTGAATCATTTTATATGTATATAATAAATAAAGATCACTTTCAACAACGGATCTCTTGGCTCTCGCATCGATGAAGAACGTAGCGAAGTGCGATAAGTAATGTGAATTGCAGAATTCCGTGAATCATCGAATCTTTGAACGCAAATTGCACTCTCTGGTAACCCGGGGAGTATGCCTGTTTGAGGGTCAGTGTTTAATAAAAATCGGTGCGTTGCAATTTTTGTGATGTTCCGGAGTTTGAGTTATCTTATCTTCTGGGTTTAAGAGGCTTAAAATTGACCTTCTTTGTGCATTTTAGACGTACATAAATTTTTTTTTATTCGTTTATCTTAATGCCAAAATCTATTAGATGCGACCATATCGTGTGGTTCCGTGTCTATAAATTTTTCATG
>gi|MOA06850|gb|AM980836| Glomeraceae Glomus intraradices ITS

ACCTGCGGAGGATCATTACCGATTTTTAGCGGACCTGATCTTTGATCATGGTCTCGCGAAAACTTGTATTTAAAACCCCACTCTTATAAATTGAATCATTTTATATGTATATAATAAATAAAGATCACTTTCAACAACGGATCTCTTGGCTCTCGCATCGATGAAGAACGTAGCGAAGTGCGATAAGTAATGTGAATTGCAGAATTCCGTGAATCATCGAATCTTTGAACGCAAATTGCACTCTCTGGTAACCCGGGGAGTATGCCTGTTTGAGGGTCAGTGTTTAATAAAAATCGGTGCGTTGCAATTTTTGTGATGTTCCGGAGTTTGAGTTATCTTATCTTCTGGGTTTAAGAGGCTTAAAATTGACCTTCTTTGTGCATTTTAGACGTACATAAATTTTTTTTTATTCGTTTATCTTAATGCCAAAATCTATTAGATGCGACCATATCGTGTGGTTCCGTGTCTATAAATTTTTCATG
>gi|MOA06639|gb|KF154765| Glomeraceae Rhizophagus arabicus 18S rDNA+ITS+28S rDNA

CAATTTTAGCGAACCTAACCTTTGGGTTATGGTCTCGCGAAAATCTTGTATTTAAAACCCCACTCTTTATAAAAATTGAATCTATTATATATAAATAATAAAGATCACTTTCAACAACGGATCTCTTGGCTCTCGCATCGATGAAGAACGTAGCGAAGTGCGATAAGTAATGTGAATTGCAGAATTCCGTGAATCATCGAATTTTTGAACGCAAATTGCACTCTCTGGCAACCCGGGGAGTATGCCCGTTTGAGGGTCAGTATAATTAAAAAATCGGTGCGTTGCAATTATTTTTGTGACGTTTCCGGAGTTTGGGTTACCTTAACCTCTTTTGGTTAAGAGACCTAAAATTGATATCTTTTGCGCATTTTTAGACGTACATAAATTCTTTTTTTTATTCGCCTAATTTTTAATGCCAAAATCTATTAGGTGCGACCATGTGTATGGTTACGTGTCTATAATTTTTCATA
>gi|MOA04233|gb|JF692724| Glomeraceae Glomus cubense ITS

GAACCTGCGGAAGGATCATTAATGATTTTTTAAAGCAAACCAAGCTTTTTTTTTAAAAGTAAGGTTTTGCGAATATATTTAAAACCCCCCGCTCTTTTAAAAAAAATTTTTCATTCATATGATTATGAATAAAAAAAAGATCACTTTCAACAACGGATCTCTTGGCTCTCGCATCGATGAAGAACGCAGCGAAATGCGATAAGTAGTGTGAATTGCAGATGTAACGTGAATCATCGAATCTTTGAACGCAAATTGCACTCTCTGGTATTCCGGGGAGTATGCCTGTTTGAGGGTCGCCAAATAAACATCGATTAAACATATTATTTGTTAATATCGGATTTGAGCCTTCTTTTTAACCTTTTTTTTTTTAAATGGGTTTTAAAGTGGCTTAAAATTATTTTTCTTGGTATATCACAACGTATTTTACGATCAATTTTGATTAAAAACGTTTTTAATATATATCATTCTTTTAACAATGTAATACGTTTGACCATATGTGTAATATGGGTTCATTCGTATACGATCAAATTTTTTTTTTGACCTCA
>gi|MOA06188|gb|FJ008650| Glomeraceae Glomus sp. ITS

CGATTTTAGCGAACCTAACCTTTGGTTATGGTCTCGCGAAAACTTTGTATTTAAAACCCCACTCTTATAAATTGAATCATTCATTATTATGTATAATAAAATAAAGATCACTTTCAACAACGGATCTCTTGGCTCTCGCATCGATGAAGAACGTAGCGAAGTGCGATAAGTAGTGTGAATTGCAGAATTCCATGAATCATCGAATCTTTGAACGCAAATTGCACTCTCTTCGGAGAGTATGCCTGTTTGAGGGTCAGTATTAATAAAAATCGGTGTGTTGCTCCTTTGTGACGCTCCGGAGTTTGGGTCATCTTAATATCCTTTAAGTTTTAAGAGGCTTAAAATTGAATTTTTTTTTGCGCATTTTTAGATGTACATAAATTTTTTTTTATTCGTCTGTCTTAATGCTCAAAATCCTATTAGATGCGATCATATCATGTGGTTTCGTGTCCATAAATTTTTCATG
>gi|MOA06954|gb|AJ872063| Glomeraceae Glomus Hijri06 Glom-A3 18S rDNA+ITS

CCGTAGGTGACCTGCGGAAGGTCAATAATGATTTTTAAAGCGAGTCGAGCGTTAAGCGAGGCTTGCGAAATATTTAAAACCCCACTCTTTTTAACTTTAAAAATAAATCATGATGCATGAATTTTAAAAAAAAGATCACTTTCAACAACGGATCTCTTGGCTCTCGCATCGATGAAGAACGCAGCGAAATGCGATAAGTAGTGTGAATTGCATAATTTTGTGAATCATCGAATCTTTGAACGCAAATTGCACTCCCTGGTATTCCGGGGAGTATGCCTGTTTGAGGGTCGTTAGAATAAAAAATCGAGGCGTCGCTCTTTTTTTTAAGGGTGATCGCGTCGGAATTGAGCCGTCTTTCAAATGTTAACTCATGTCAAAGTGGCTTGAAATTCATCCATCCAGTACGATTAAGCGTATTTAAGATCAATTTTGTTCAAGAACGCGCGATGACGTACCATCTCATGTAGTACGTT
>gi|MOA04626|gb|AY236276| Glomeraceae Glomus Wubet04 Glom17 18S rDNA+ITS+28S rDNA

CGATTTTAGCGAACCTGACCTTTTTGGTCATGGTCTCGCGAAAACTTTGTATTTAAAACCCCACTCTTTATGTAAATATTGAATCATTTTATTATTATTATAATAAATAAAGATCACTTTCAACAACGGATCTCTTGGCTCTCGCATCGATGAAGAACGTAGCGAAGTGCGATAAGTAATGTGAATTGCAGAGTTCCGTGAATCATCGAATCTTTGAACGCAAATTGCACTCTCTGGCATTCCGGGGAGTATGCCTGTTTGAGGGTCAGTGTAATTAAAAATCGGTAGGTTGCACTCTTAGTGTGTGTGACGTTTCCGGAGTTTGGGTTATCTTAGACCTTCAGGTTTTAAGAGGCTTAAAATTGACCATCCTTTTGCGCATTTTTTAGACGTACATGAATTTTTTTTTATTCGTCTTGAACTTGTGCCAAAAATTTTACTAGGTGCGGATTATGCATGATCTCGTATCCTATAAAATTTCATG
>gi|MOA06850|gb|AM980836| Glomeraceae Glomus intraradices ITS

ACCTGCGGAGGATCATTACCGATTTTTAGCGGACCTGATCTTTGATCATGGTCTCGCGAAAACTTGTATTTAAAACCCCACTCTTATAAATTGAATCATTTTATATGTATATAATAAATAAAGATCACTTTCAACAACGGATCTCTTGGCTCTCGCATCGATGAAGAACGTAGCGAAGTGCGATAAGTAATGTGAATTGCAGAATTCCGTGAATCATCGAATCTTTGAACGCAAATTGCACTCTCTGGTAACCCGGGGAGTATGCCTGTTTGAGGGTCAGTGTTTAATAAAAATCGGTGCGTTGCAATTTTTGTGATGTTCCGGAGTTTGAGTTATCTTATCTTCTGGGTTTAAGAGGCTTAAAATTGACCTTCTTTGTGCATTTTAGACGTACATAAATTTTTTTTTATTCGTTTATCTTAATGCCAAAATCTATTAGATGCGACCATATCGTGTGGTTCCGTGTCTATAAATTTTTCATG
>gi|MOA01063|gb|FR686958| Diversisporaceae Diversispora sp. W5257 18S rDNA+ITS+28S rDNA

AAAATCTTTATCCGGGAATTCGTTTCGTTTTCCCGGATTATTTGTATTCAAATCCCACTCTTTATAAATATATTAATTATATAAAACAAAATAAAAAAGAAAACTTTCAACAACGGATCTCTTGGCTCTCGCATCGATGAAGAACGCAGCGAAATGCGATACGTAGTGTGAATTGCAGAATTCCGTGAATCATCGAATCTTTGAACGCAAATTGTACTTTCCAGTAATCTGGGGAGTATGCTTGGTTGAGGGTCATTAAATCAACATTCACGAATTTTTTCGCGGATTTGAGTTTTCCAGCGTTTATAATAAATGCTGGTAACTTTAAAATTATTTATTACTTGGTACAAGTTGAAAACGTACTATATGTGTAGTTCGCTGACAACTTGTCCATCTTTATATATTATGCGCGCACTTGGTTATTACGCTCTGTGCGAGTATATATTTTTT
>gi|MOA06192|gb|FJ008655| Glomeraceae Glomus sp. ITS

CAATTTTAGCGAACCTGACCTCTTGGTCATGGTCTCGTGAAAACTTTGTATTTAAAACCCCACTCTTTATAAATTGAATCATTCATTATTATGTATAATAAATAAAGATCACTTTCAACAACGGATCTCTTGGCTCTCGCATCGATGAAGAACGTAGCGAAGTGCGATAAGTAATGTGAATTGCAGAATTCTGTGAATCATCGAATCTTTGAACGCAAATTGCACTCTCTTCGGAGAGTATGCCTGTTTGAGGGTCAGTATTAATAAAAATCGGTGTGTTGCTCCTTTGTGACGCTCTGGAGTTTGGGTCATCTTAATATCCTTTAGGTTTTAAGGGGCTTAAAATTGACTTTTTTTTGCGCATTTTAGATGTACATAAATTTTTTTTTATTCGTCTGTCTTAATGCTCAAAATCCTATTAGATGCGACCATATCGTGTCTATAAATTTTTCATG
>gi|MOA05284|gb|HQ243422| Glomeraceae Glomus sp. 18S rDNA+ITS+28S rDNA

CTATCTTAGCGGGCCTGGTCTTGTTGACTATGGTTTCGCGAAAATCGTATTTAAAACCCCACTCATATATAAAAATGAATCATTATACTTGTAAAAATAAATAAAGATCACTTTCAACAACGGATCTCTTGGCTCTCGCATCGATGAAGAACGTAGCGAAGTGCGATAAGTAGTGTGAATTGCAGAATTCCGTGAATCATCGAATCTTTGAACGCAAATTGCACTCCCTGGCATCCCGGGGAGTATGCCTGTTTGAGGGTCAGTAAATTTAAAATCGGTGCGTTGCATTTTTTTTTGTAACGGTCTCCGGAGTTTGGGTTATCTTAGCCCTGAGGGGTTAAGAGGCTTAAAATTGACATCATTTCGCGCGCTTTTTAGACGTACATAAATTAATTTTTATTCGTCTAATCTGGTGCCGAAGGTTATTAGATGTGACCATATTTCGTGGTCTCGTGTCTATAATTTTATCATG
>gi|MOA06954|gb|AJ872063| Glomeraceae Glomus Hijri06 Glom-A3 18S rDNA+ITS

CCGTAGGTGACCTGCGGAAGGTCAATAATGATTTTTAAAGCGAGTCGAGCGTTAAGCGAGGCTTGCGAAATATTTAAAACCCCACTCTTTTTAACTTTAAAAATAAATCATGATGCATGAATTTTAAAAAAAAGATCACTTTCAACAACGGATCTCTTGGCTCTCGCATCGATGAAGAACGCAGCGAAATGCGATAAGTAGTGTGAATTGCATAATTTTGTGAATCATCGAATCTTTGAACGCAAATTGCACTCCCTGGTATTCCGGGGAGTATGCCTGTTTGAGGGTCGTTAGAATAAAAAATCGAGGCGTCGCTCTTTTTTTTAAGGGTGATCGCGTCGGAATTGAGCCGTCTTTCAAATGTTAACTCATGTCAAAGTGGCTTGAAATTCATCCATCCAGTACGATTAAGCGTATTTAAGATCAATTTTGTTCAAGAACGCGCGATGACGTACCATCTCATGTAGTACGTT
>gi|MOA06850|gb|AM980836| Glomeraceae Glomus intraradices ITS

ACCTGCGGAGGATCATTACCGATTTTTAGCGGACCTGATCTTTGATCATGGTCTCGCGAAAACTTGTATTTAAAACCCCACTCTTATAAATTGAATCATTTTATATGTATATAATAAATAAAGATCACTTTCAACAACGGATCTCTTGGCTCTCGCATCGATGAAGAACGTAGCGAAGTGCGATAAGTAATGTGAATTGCAGAATTCCGTGAATCATCGAATCTTTGAACGCAAATTGCACTCTCTGGTAACCCGGGGAGTATGCCTGTTTGAGGGTCAGTGTTTAATAAAAATCGGTGCGTTGCAATTTTTGTGATGTTCCGGAGTTTGAGTTATCTTATCTTCTGGGTTTAAGAGGCTTAAAATTGACCTTCTTTGTGCATTTTAGACGTACATAAATTTTTTTTTATTCGTTTATCTTAATGCCAAAATCTATTAGATGCGACCATATCGTGTGGTTCCGTGTCTATAAATTTTTCATG
>gi|MOA06185|gb|FJ008646| Glomeraceae Glomus sp. ITS

CGATTTTAGCGAACCTAACCTTTGGTTATGGTCTCGCGAAAACTTTGTATTTAAAACCCCACTCTTTTATAAATTGATTCATTATTATGTATAATAAATAAAGATCACTTTCAACAACGGATCTCTTGGCTCTCGCATCGATGAAGAACGTAGCGAAGTGCGATAAGTAGTGTGAATTGCAGAATTCCGTGAATCATCGAATTTTTGAACGCAAATTGCGCTTCCTGGCATCCCGGGAAGTATGCCTGTTTGAGGGTCAGTATTAATAAAAAATCGGTTTGGTTACAAATTGTGACGTTTCCGGAGTTTGGGCTATCTTAACATTTTTGGTTAAGAGGCTTAAAATTGACCTTTTTTGCGCATTTTTAGACGTACATAAATTTTTTTATTCGTTTATTCTAATGCCAAAATCTATTAGATGCGACCATATCGTGTGGTTCCGTGTCTATAAATTTTTTCATG
>gi|MOA04233|gb|JF692724| Glomeraceae Glomus cubense ITS

GAACCTGCGGAAGGATCATTAATGATTTTTTAAAGCAAACCAAGCTTTTTTTTTAAAAGTAAGGTTTTGCGAATATATTTAAAACCCCCCGCTCTTTTAAAAAAAATTTTTCATTCATATGATTATGAATAAAAAAAAGATCACTTTCAACAACGGATCTCTTGGCTCTCGCATCGATGAAGAACGCAGCGAAATGCGATAAGTAGTGTGAATTGCAGATGTAACGTGAATCATCGAATCTTTGAACGCAAATTGCACTCTCTGGTATTCCGGGGAGTATGCCTGTTTGAGGGTCGCCAAATAAACATCGATTAAACATATTATTTGTTAATATCGGATTTGAGCCTTCTTTTTAACCTTTTTTTTTTTAAATGGGTTTTAAAGTGGCTTAAAATTATTTTTCTTGGTATATCACAACGTATTTTACGATCAATTTTGATTAAAAACGTTTTTAATATATATCATTCTTTTAACAATGTAATACGTTTGACCATATGTGTAATATGGGTTCATTCGTATACGATCAAATTTTTTTTTTGACCTCA
>gi|MOA06966|gb|AM114024| Glomeraceae Glomus Hijri06 Glom-A1 18S rDNA+ITS

TTACCGATTTTAGCGTACCTAACCTTTGGTTATGGTCTCGCGAAAACTTTGTATTTAAAACCCCACTCTTAAAAAAAAAATTTTTTAATATATAATAAATAAAGATCACTTTCAACAACGGATCTCTTGGCCCTCGCATCGATGAAGAACGTAGCGAAGTGCGATAAGTAATGTGAATTGCAAATTCCGTGAATCATCGAATCTTTGAACGCAAATTGCACTCTTTTCGGAGAGTATGCCTGTTTGAGGGTCAGTATTAATAAAAAATCGGTATGTTGCTTTTTTTGTGACGTTCCGGAGATGAGTTATCTTAATTTTTTTAGGTTAAGAGGCTTAAAATTGACATCTTTTTGCGCATTTTTTAGACGTACATAAATTTTTTTTTATTCGTTTATCCTAATGCCAAAATCTATTAGATGCGATCATATCATGTGGTTCCGTATCTATAAATATTTTCG
>gi|MOA06850|gb|AM980836| Glomeraceae Glomus intraradices ITS

ACCTGCGGAGGATCATTACCGATTTTTAGCGGACCTGATCTTTGATCATGGTCTCGCGAAAACTTGTATTTAAAACCCCACTCTTATAAATTGAATCATTTTATATGTATATAATAAATAAAGATCACTTTCAACAACGGATCTCTTGGCTCTCGCATCGATGAAGAACGTAGCGAAGTGCGATAAGTAATGTGAATTGCAGAATTCCGTGAATCATCGAATCTTTGAACGCAAATTGCACTCTCTGGTAACCCGGGGAGTATGCCTGTTTGAGGGTCAGTGTTTAATAAAAATCGGTGCGTTGCAATTTTTGTGATGTTCCGGAGTTTGAGTTATCTTATCTTCTGGGTTTAAGAGGCTTAAAATTGACCTTCTTTGTGCATTTTAGACGTACATAAATTTTTTTTTATTCGTTTATCTTAATGCCAAAATCTATTAGATGCGACCATATCGTGTGGTTCCGTGTCTATAAATTTTTCATG
>gi|MOA03828|gb|FM865602| Glomeraceae Glomus intraradices 18S rDNA+ITS+28S rDNA

CAATCTTAGCGGGCCTGGCCTTTATTAACCATGGTTTCGCGATAATCGTATTTAAAACCCACTCTTATAAAATGAATCATTTTTTTTTTGTATAATAAATAAAGATCACTTTCAACAACGGATCTCTTGGTTCTTGCATCGATGAAGAACGTAGCGAAGTGCGATAAGTAATGTGAATTGCAGAATTCCGTGAATCATCGAATCTTTGAACGCAAATTGCACTTTTTGGTATCCCGAAAAGTATGCCTGTTTGAGGGTCAGTATAATAAAAATCGGTATGTTGCTTTTTTTTGTAACGTTCCGGAGTTTGGGTTATCTTAAACAACATTTTAGTTTAAGAGACTTAAAATTAACCATCTTTTTGCGCATTTTTATAAATTACTTATTTCGTCTATATTATCATGCCAAAATTTTATTAGATGCGACCATATCGTGCCTATAAATTTATCATA
>gi|MOA05287|gb|HQ263643| Glomeraceae Glomus sp. 18S rDNA+ITS+28S rDNA

TGATTTGGCGATCCTAACGTTAGTTAGGTTTTGCGATCACTTATTTAAAACCCAACTCTTAAATGTATAATTTATGTATTTCTTGATAAGAAAAAATAAAGATCACTTTCAACAACGGATCTCTTGGCTCTCGCATCGATGAAGAACGTAGCGAAGTGCGATAAGTAATGTGAATTGCAGAATTCCGTGAATCATCGAATCTTTGAACGCAAATTGCACTTTCTGGTATTCCGGAAAGTATGCCTGTTTGAGGGTCAGTTAAATAAAAATCGGTGTTATTGCTATTATGGCGATGCATCGGAATTGAGTCGTCTTTACCTTTGGTTTAAGTGACTTAAAATTATGTACGATTTTTGAACGTATTTAAATTATTTACGTACGTCCATAATATCACATATTAGGTGCGATCATCCACATGATTTCGCGCCTATAATTTTTCATT
>gi|MOA06828|gb|GQ205079| Glomeraceae Glomus proliferum ITS

TTACCAATTTTAGCGAGCCTGGTCTTTGTTGACCATGGTTTCGTGAAAAATCGTATTTAAAACCCCACTCTTATAAAAATTTGAATCATTATATTTTGTATAATAAAATAAAGATCACTTTCAACAACGGATCTCTTGGCTCTCGCATCGATGAAGAACGTAGCGAAGTGCGATAAGTAATGTGAATTGCAGAATTCCGTGAATCATCGAATCTTTGAACGCAAATTGCACTCTCTTCGGAGAGTATGCCTGTTTGAGGGTCAGTATAATAAAAATCGGGGTGTTGCTCCTTTGTAATGCTCCGGAGTTTGGATTACCTCGGTCTTCAGGTCGAGTGGTCTAAAATTGAATTTACCTTTTGGTCACCTCTGGACGTACATAAATTTTGTTTTATTCNTCTATTCGTGCCAAAATTTACTAGGTGCGAATCACGTCGAGTGGTTTCGCGTCTATAATTATCATG
>gi|MOA05646|gb|FJ769323| Glomeraceae Glomus Konig10 Sequence type 3 ITS

AAATATAGCAAACCAAGCGTTAGCGAGGTTTTGCGATCAAATTGTATTTAAAACCCAACTCTTTGAATCAAATATATATATTATGTATCATAAATAAATAAAAGATCACTTTCAACAACGGATCTCTTGGCTCTCGCATCGATGAAGAACGTAGCGAAGTGCGATAAGTAATGTGAATTGCAGAATTCCGTGAATCATCGAATCTTTGAACGCAAATTGCACTTTCTGGTATTCCGGAGAGTATGCCTGTTTGAGGGTCAGTGTAATAAATAAATCGTGGTTGTTACCACTTTTCGTGGTGACGCTTCGGAATTGAGTCGTCTTACCTTCGGTTAAGTGACTTAAAATTTTATCATACGATTTCGAAACGTATTTAATGTATTATGTACGTTCACGAATATCGAATGTTTTATTAGGTGCGGTCATTTTCATGAATTCGCGTCTATAATTTTTTTT
>gi|MOA06945|gb|AJ872053| Glomeraceae Glomus Hijri06 Glom-A3 18S rDNA+ITS

CCGTAGTGACCTGCGGAAGGTCATTAATGATTTTTAAAGCGAGTCGAGCGTAAGCGAGGCTGCGAAATATTTAAAACCCCACTCTTTTTAACCTTAAAAAATAAATCATGATACATGAATTTAAAAAAAAGATCACTTTCAACAACGGATCTCTTAGCTCTCGCACCGATGAAGAACGCAGCGAAATGCGATAAGTAATGTGAATTGCATAATTTTGTGAATCATCGAATCTTTGAACGCAAATTGCACTCCCTGGTATTCCGGGGAGTATGCCTGTTTGAGGGTCGTTAGAATAAAAATCGAGGCATCGCTCTTTTTTTGAAGGGTGATCGCGTCGGAATTGAGCCGTCTTTCAAATGTTAATTCATGTCAAAGTGGCTTAAAATTCATCCATCCGGTACGATCAAAGCGTATTTAAGATCAATTTCGATTAAGAACGCGCGATGACGTACCATCTCATGTAGTACGTTTGACCTGGCGTCGTCAGGATCATTCGTATACGATCTCAACTTT
>gi|MOA04233|gb|JF692724| Glomeraceae Glomus cubense ITS

GAACCTGCGGAAGGATCATTAATGATTTTTTAAAGCAAACCAAGCTTTTTTTTTAAAAGTAAGGTTTTGCGAATATATTTAAAACCCCCCGCTCTTTTAAAAAAAATTTTTCATTCATATGATTATGAATAAAAAAAAGATCACTTTCAACAACGGATCTCTTGGCTCTCGCATCGATGAAGAACGCAGCGAAATGCGATAAGTAGTGTGAATTGCAGATGTAACGTGAATCATCGAATCTTTGAACGCAAATTGCACTCTCTGGTATTCCGGGGAGTATGCCTGTTTGAGGGTCGCCAAATAAACATCGATTAAACATATTATTTGTTAATATCGGATTTGAGCCTTCTTTTTAACCTTTTTTTTTTTAAATGGGTTTTAAAGTGGCTTAAAATTATTTTTCTTGGTATATCACAACGTATTTTACGATCAATTTTGATTAAAAACGTTTTTAATATATATCATTCTTTTAACAATGTAATACGTTTGACCATATGTGTAATATGGGTTCATTCGTATACGATCAAATTTTTTTTTTGACCTCA
>gi|MOA06850|gb|AM980836| Glomeraceae Glomus intraradices ITS

ACCTGCGGAGGATCATTACCGATTTTTAGCGGACCTGATCTTTGATCATGGTCTCGCGAAAACTTGTATTTAAAACCCCACTCTTATAAATTGAATCATTTTATATGTATATAATAAATAAAGATCACTTTCAACAACGGATCTCTTGGCTCTCGCATCGATGAAGAACGTAGCGAAGTGCGATAAGTAATGTGAATTGCAGAATTCCGTGAATCATCGAATCTTTGAACGCAAATTGCACTCTCTGGTAACCCGGGGAGTATGCCTGTTTGAGGGTCAGTGTTTAATAAAAATCGGTGCGTTGCAATTTTTGTGATGTTCCGGAGTTTGAGTTATCTTATCTTCTGGGTTTAAGAGGCTTAAAATTGACCTTCTTTGTGCATTTTAGACGTACATAAATTTTTTTTTATTCGTTTATCTTAATGCCAAAATCTATTAGATGCGACCATATCGTGTGGTTCCGTGTCTATAAATTTTTCATG
>gi|MOA06746|gb|AY929101| Glomeraceae Glomus sp. 18S rDNA+ITS

CGATTTTTAGCGGACCTGATCTTTGGTCATGGTCTCGCGAAAACTTTGTATTTAAAACCCACTCTTTAATAAATTGAATCATTTTTATTATGTATAATAAATAAAGATCACTTTCAACAACGGAA
>gi|MOA06869|gb|AM980861| Glomeraceae Glomus intraradices ITS

GAAGGATCATTACCAATCTTAGCGGGCCTGGTCTTGTTGACTATGGTTTCGCGAAAATCGTATTTAAAACCCCACTCTTATATAAAATGAATCATTTTATTTGTAATAATAAATAAAGATCACTTTCAACAACGGATCTCTTGGCTCTCGCATCGATGAAGAACGTAGCGAAGTGCGATAAGTAGTGTGAATTGCAGAATTCCGTGAATCATCGAATCTTTGAACGCAAATTGCACTCCCTGGCATCCCGGGGAGTATGCCTGTTTGAGGGTCAGTAAAATTAAAATCGGTGCGTTGCATTTTTTGTAACGTCTCCGGAGTTTGGGTTATCTTAACTTTGAGGTTAAGAGGCTTAAAATTGACATCATTTCGCGCACTTTTAGACGTACATAAATTAATTTTTATTCGTCTAACCTGGTAGCGAAGGTTATTAGATGCGACCATGTTTCGTGGTCTCGCGTCTATAA
>gi|MOA05659|gb|FJ769310| Glomeraceae Glomus sp. ITS

CGATTTTAGCGAACCTAACCTTTGGTTATGGTCTCGCGAAAACTTTGTATTTAAAACCCCACTCTTTTATAAATTGAATCATTCATTATTATGTATAATAAATAAAGATCACTTTCAACAACGGATCTCTTGGCTCTCGCATCGATGAAGAACGTAGCGAAGTGCGATAAGTAGTGTGAATTGCAGAATTCCGTGAATCATCGAATTTTTGAACGCAAATTGCGCTTCCTGGCATCCCGGGAAGTATGCCTGTTTGAGGGTCAGTATTAACAAAAAATCGGTTTGGTTGCAAATTGTGACGTTTCCGGAGTTTGGGCTACCTTAACTTTTTTGGTTAAGGGGCTTAAAATTGACCTTATTTGCGCATTTTTAGACGTACATAAATTTTTTTTTATTCGTCTATTCTTAATGCCAAAATCTTATTAGATGCGATCACATCGTGTGGTTTCGTGTCCATAAAATTTTCATG
>gi|MOA06850|gb|AM980836| Glomeraceae Glomus intraradices ITS

ACCTGCGGAGGATCATTACCGATTTTTAGCGGACCTGATCTTTGATCATGGTCTCGCGAAAACTTGTATTTAAAACCCCACTCTTATAAATTGAATCATTTTATATGTATATAATAAATAAAGATCACTTTCAACAACGGATCTCTTGGCTCTCGCATCGATGAAGAACGTAGCGAAGTGCGATAAGTAATGTGAATTGCAGAATTCCGTGAATCATCGAATCTTTGAACGCAAATTGCACTCTCTGGTAACCCGGGGAGTATGCCTGTTTGAGGGTCAGTGTTTAATAAAAATCGGTGCGTTGCAATTTTTGTGATGTTCCGGAGTTTGAGTTATCTTATCTTCTGGGTTTAAGAGGCTTAAAATTGACCTTCTTTGTGCATTTTAGACGTACATAAATTTTTTTTTATTCGTTTATCTTAATGCCAAAATCTATTAGATGCGACCATATCGTGTGGTTCCGTGTCTATAAATTTTTCATG
>gi|MOA05659|gb|FJ769310| Glomeraceae Glomus sp. ITS

CGATTTTAGCGAACCTAACCTTTGGTTATGGTCTCGCGAAAACTTTGTATTTAAAACCCCACTCTTTTATAAATTGAATCATTCATTATTATGTATAATAAATAAAGATCACTTTCAACAACGGATCTCTTGGCTCTCGCATCGATGAAGAACGTAGCGAAGTGCGATAAGTAGTGTGAATTGCAGAATTCCGTGAATCATCGAATTTTTGAACGCAAATTGCGCTTCCTGGCATCCCGGGAAGTATGCCTGTTTGAGGGTCAGTATTAACAAAAAATCGGTTTGGTTGCAAATTGTGACGTTTCCGGAGTTTGGGCTACCTTAACTTTTTTGGTTAAGGGGCTTAAAATTGACCTTATTTGCGCATTTTTAGACGTACATAAATTTTTTTTTATTCGTCTATTCTTAATGCCAAAATCTTATTAGATGCGATCACATCGTGTGGTTTCGTGTCCATAAAATTTTCATG
>gi|MOA06192|gb|FJ008655| Glomeraceae Glomus sp. ITS

CAATTTTAGCGAACCTGACCTCTTGGTCATGGTCTCGTGAAAACTTTGTATTTAAAACCCCACTCTTTATAAATTGAATCATTCATTATTATGTATAATAAATAAAGATCACTTTCAACAACGGATCTCTTGGCTCTCGCATCGATGAAGAACGTAGCGAAGTGCGATAAGTAATGTGAATTGCAGAATTCTGTGAATCATCGAATCTTTGAACGCAAATTGCACTCTCTTCGGAGAGTATGCCTGTTTGAGGGTCAGTATTAATAAAAATCGGTGTGTTGCTCCTTTGTGACGCTCTGGAGTTTGGGTCATCTTAATATCCTTTAGGTTTTAAGGGGCTTAAAATTGACTTTTTTTTGCGCATTTTAGATGTACATAAATTTTTTTTTATTCGTCTGTCTTAATGCTCAAAATCCTATTAGATGCGACCATATCGTGTCTATAAATTTTTCATG
>gi|ESA02340|gb|EF393611| Glomeraceae Glomus BV-RED-5 18S rDNA+ITS+28S rDNA

TGATTTTTTAAGCAAACCAAGCTTTTTTTTATAAAAAGTGAGGTTTTGCGTATGTATTTAAAACCCCCCACTCTTTTAAAAATATATATTTCATTCATATAAAAATGAATAAAAAAAGATCACTTTCAACAACGGATCTCTTGGCTCTCGCATCGATGAAGAACGCAGCGAAATGCGATAGGTAGTGTGAATTGCAGATGTAACGTGAATCATCGAATCTTTGAACGCAAATTGCACTCTCTGGTATTCCGGGGAGTATGCCTGTTTGAGGGCCGCCAAATCAACATCGAAATTCATTTGCTTTTTTGTAAATGTTTATCGGATTTGAGCCGTCTTTTATTTTTTAATTAAAGTGGCTTAAAATGTATTTTTTGGTATCGAAAAACGTTATTCTACGATCAAATTGATTAAAAAAACAAACGTTTCAAATGCCATCTTTTAATGTAATACGTTTGACTGTGGTGTGTTAATCACAGTTTTCATTCGTATACGATTTTTAAT
>gi|MOA06826|gb|GQ205077| Glomeraceae Glomus proliferum ITS

TTACCAATTTTAGCGAGCCTGGTCTTGTTGACCATGGTTTCGCGAAAATCGTATTTAAAACCCCACTCTTATAAAAATTGAATCATTATATTTTTTATAATAAAATAAAAGATCACTTTCAACAACGGATCTCTTGGCTCTCGCATCGATGAAGAACGTAGCGAAGTGCGATATGTAGTGTGAATTGCAGAATTCCGTGAATCATCGAATCTTTGAACGCAAATTGCACTCCTTGGCATCCCGGGGAGTATGCCTGTTTGAGGGTCAGTATATTAAAAATCGGTGCGTCGCATGATGCTCCGGAGTATGGGTCATCTTAGCTGTGAAGGTTTTAAGAGGCTTAAAATTGACATCCTTTCGCGCATTTTTAGACGTACATAAATTCATTTTTATTCGTCTATCCTGATGCCGAAGTTTATTAGATGCGATCATATATTATATGGTCTCGTGTCTATAAGTTTATCATG
>gi|MOA06828|gb|GQ205079| Glomeraceae Glomus proliferum ITS

TTACCAATTTTAGCGAGCCTGGTCTTTGTTGACCATGGTTTCGTGAAAAATCGTATTTAAAACCCCACTCTTATAAAAATTTGAATCATTATATTTTGTATAATAAAATAAAGATCACTTTCAACAACGGATCTCTTGGCTCTCGCATCGATGAAGAACGTAGCGAAGTGCGATAAGTAATGTGAATTGCAGAATTCCGTGAATCATCGAATCTTTGAACGCAAATTGCACTCTCTTCGGAGAGTATGCCTGTTTGAGGGTCAGTATAATAAAAATCGGGGTGTTGCTCCTTTGTAATGCTCCGGAGTTTGGATTACCTCGGTCTTCAGGTCGAGTGGTCTAAAATTGAATTTACCTTTTGGTCACCTCTGGACGTACATAAATTTTGTTTTATTCNTCTATTCGTGCCAAAATTTACTAGGTGCGAATCACGTCGAGTGGTTTCGCGTCTATAATTATCATG
>gi|MOA06397|gb|AM992822| Glomeraceae Glomus Galvan09 GloA3 18S rDNA+ITS

CAATTTTAGCGAACCTGACCTCTTGGTCATGGTCTCGTGAAAACTTAGTATTTAAAACCCCACTCTTTTATAAATTGAATCATTCATTATTATGTATAATAAATAAAGATCACTTTCAACAACGGATCTCTTGGCTCTCGCATCGATGAAGAACGTAGCGAAGTGCGATAAGTAATGTGAATTGCAGAATTCCGTGAATCATCGAATCTTTGAACGCAAATTGCACTCTCTTCGGAGAGTATGCCTGTTTGAGGGTCAGTATTAATAAAAATCGGTGTGTTGCTTTCTTTGTGACGCTCCGGAGTTTGGGTCATCTTAATATATCCTTTAGGTTTTAAGAGGCTTAAAATTGACTTTTTTTTGCGCATTTTATTAGATGTACATAAATTTTTTTTTTTATTCGTCTGTCTTAATGCTCAAAATCCTATTAGATGCAACCATATCGTGTGGTTTCGTGTCTATAAATTTTTCATG
>gi|MOA06954|gb|AJ872063| Glomeraceae Glomus Hijri06 Glom-A3 18S rDNA+ITS

CCGTAGGTGACCTGCGGAAGGTCAATAATGATTTTTAAAGCGAGTCGAGCGTTAAGCGAGGCTTGCGAAATATTTAAAACCCCACTCTTTTTAACTTTAAAAATAAATCATGATGCATGAATTTTAAAAAAAAGATCACTTTCAACAACGGATCTCTTGGCTCTCGCATCGATGAAGAACGCAGCGAAATGCGATAAGTAGTGTGAATTGCATAATTTTGTGAATCATCGAATCTTTGAACGCAAATTGCACTCCCTGGTATTCCGGGGAGTATGCCTGTTTGAGGGTCGTTAGAATAAAAAATCGAGGCGTCGCTCTTTTTTTTAAGGGTGATCGCGTCGGAATTGAGCCGTCTTTCAAATGTTAACTCATGTCAAAGTGGCTTGAAATTCATCCATCCAGTACGATTAAGCGTATTTAAGATCAATTTTGTTCAAGAACGCGCGATGACGTACCATCTCATGTAGTACGTT
>gi|MOA06945|gb|AJ872053| Glomeraceae Glomus Hijri06 Glom-A3 18S rDNA+ITS

CCGTAGTGACCTGCGGAAGGTCATTAATGATTTTTAAAGCGAGTCGAGCGTAAGCGAGGCTGCGAAATATTTAAAACCCCACTCTTTTTAACCTTAAAAAATAAATCATGATACATGAATTTAAAAAAAAGATCACTTTCAACAACGGATCTCTTAGCTCTCGCACCGATGAAGAACGCAGCGAAATGCGATAAGTAATGTGAATTGCATAATTTTGTGAATCATCGAATCTTTGAACGCAAATTGCACTCCCTGGTATTCCGGGGAGTATGCCTGTTTGAGGGTCGTTAGAATAAAAATCGAGGCATCGCTCTTTTTTTGAAGGGTGATCGCGTCGGAATTGAGCCGTCTTTCAAATGTTAATTCATGTCAAAGTGGCTTAAAATTCATCCATCCGGTACGATCAAAGCGTATTTAAGATCAATTTCGATTAAGAACGCGCGATGACGTACCATCTCATGTAGTACGTTTGACCTGGCGTCGTCAGGATCATTCGTATACGATCTCAACTTT
>gi|MOA06870|gb|AM980862| Glomeraceae Glomus intraradices ITS

GATCATTACCAATCTTAGCGGGCCTGGTCTTGTTGACTATGGTTTCGCGAAAATCGTATTTAAAACCCCACTCTTATATAAAATGAATCATTATATTTGTAAAAATAAATAAAGATCACTTTCAACAACGGATCTCTTGGCTCTCGCATCGATGAAGAACGTAGCGAAGTGCGATAAGTAGTGTGAATTGCAGAATTCCGTGAATCATCGAATCTTTGAACGCAAATTGCACTCCCTGGCATCCCGGGGAGTATGCCTGTTTGAGGGTCAGTAAATTTAAAATCGGTGCGTTGCATTTTTTTTTGTAACGTTTCCAGAGTTTGGGTTATCTTAGCCTTGAGGTTAAGAGGCTTAAAATTGATATCATTTCGCGCGCTTTTAGACGTACATAAATTAATTTTTATTCGTCTAATCTGGTGCCGAAGGTTATTAGATGCGACCATGTCTCGTGGTCTCG
>gi|MOA06746|gb|AY929101| Glomeraceae Glomus sp. 18S rDNA+ITS

CGATTTTTAGCGGACCTGATCTTTGGTCATGGTCTCGCGAAAACTTTGTATTTAAAACCCACTCTTTAATAAATTGAATCATTTTTATTATGTATAATAAATAAAGATCACTTTCAACAACGGAA
>gi|MOA04626|gb|AY236276| Glomeraceae Glomus Wubet04 Glom17 18S rDNA+ITS+28S rDNA

CGATTTTAGCGAACCTGACCTTTTTGGTCATGGTCTCGCGAAAACTTTGTATTTAAAACCCCACTCTTTATGTAAATATTGAATCATTTTATTATTATTATAATAAATAAAGATCACTTTCAACAACGGATCTCTTGGCTCTCGCATCGATGAAGAACGTAGCGAAGTGCGATAAGTAATGTGAATTGCAGAGTTCCGTGAATCATCGAATCTTTGAACGCAAATTGCACTCTCTGGCATTCCGGGGAGTATGCCTGTTTGAGGGTCAGTGTAATTAAAAATCGGTAGGTTGCACTCTTAGTGTGTGTGACGTTTCCGGAGTTTGGGTTATCTTAGACCTTCAGGTTTTAAGAGGCTTAAAATTGACCATCCTTTTGCGCATTTTTTAGACGTACATGAATTTTTTTTTATTCGTCTTGAACTTGTGCCAAAAATTTTACTAGGTGCGGATTATGCATGATCTCGTATCCTATAAAATTTCATG
>gi|MOA06850|gb|AM980836| Glomeraceae Glomus intraradices ITS

ACCTGCGGAGGATCATTACCGATTTTTAGCGGACCTGATCTTTGATCATGGTCTCGCGAAAACTTGTATTTAAAACCCCACTCTTATAAATTGAATCATTTTATATGTATATAATAAATAAAGATCACTTTCAACAACGGATCTCTTGGCTCTCGCATCGATGAAGAACGTAGCGAAGTGCGATAAGTAATGTGAATTGCAGAATTCCGTGAATCATCGAATCTTTGAACGCAAATTGCACTCTCTGGTAACCCGGGGAGTATGCCTGTTTGAGGGTCAGTGTTTAATAAAAATCGGTGCGTTGCAATTTTTGTGATGTTCCGGAGTTTGAGTTATCTTATCTTCTGGGTTTAAGAGGCTTAAAATTGACCTTCTTTGTGCATTTTAGACGTACATAAATTTTTTTTTATTCGTTTATCTTAATGCCAAAATCTATTAGATGCGACCATATCGTGTGGTTCCGTGTCTATAAATTTTTCATG
>gi|MOA03828|gb|FM865602| Glomeraceae Glomus intraradices 18S rDNA+ITS+28S rDNA

CAATCTTAGCGGGCCTGGCCTTTATTAACCATGGTTTCGCGATAATCGTATTTAAAACCCACTCTTATAAAATGAATCATTTTTTTTTTGTATAATAAATAAAGATCACTTTCAACAACGGATCTCTTGGTTCTTGCATCGATGAAGAACGTAGCGAAGTGCGATAAGTAATGTGAATTGCAGAATTCCGTGAATCATCGAATCTTTGAACGCAAATTGCACTTTTTGGTATCCCGAAAAGTATGCCTGTTTGAGGGTCAGTATAATAAAAATCGGTATGTTGCTTTTTTTTGTAACGTTCCGGAGTTTGGGTTATCTTAAACAACATTTTAGTTTAAGAGACTTAAAATTAACCATCTTTTTGCGCATTTTTATAAATTACTTATTTCGTCTATATTATCATGCCAAAATTTTATTAGATGCGACCATATCGTGCCTATAAATTTATCATA
>gi|MOA06828|gb|GQ205079| Glomeraceae Glomus proliferum ITS

TTACCAATTTTAGCGAGCCTGGTCTTTGTTGACCATGGTTTCGTGAAAAATCGTATTTAAAACCCCACTCTTATAAAAATTTGAATCATTATATTTTGTATAATAAAATAAAGATCACTTTCAACAACGGATCTCTTGGCTCTCGCATCGATGAAGAACGTAGCGAAGTGCGATAAGTAATGTGAATTGCAGAATTCCGTGAATCATCGAATCTTTGAACGCAAATTGCACTCTCTTCGGAGAGTATGCCTGTTTGAGGGTCAGTATAATAAAAATCGGGGTGTTGCTCCTTTGTAATGCTCCGGAGTTTGGATTACCTCGGTCTTCAGGTCGAGTGGTCTAAAATTGAATTTACCTTTTGGTCACCTCTGGACGTACATAAATTTTGTTTTATTCNTCTATTCGTGCCAAAATTTACTAGGTGCGAATCACGTCGAGTGGTTTCGCGTCTATAATTATCATG
>gi|MOA06869|gb|AM980861| Glomeraceae Glomus intraradices ITS

GAAGGATCATTACCAATCTTAGCGGGCCTGGTCTTGTTGACTATGGTTTCGCGAAAATCGTATTTAAAACCCCACTCTTATATAAAATGAATCATTTTATTTGTAATAATAAATAAAGATCACTTTCAACAACGGATCTCTTGGCTCTCGCATCGATGAAGAACGTAGCGAAGTGCGATAAGTAGTGTGAATTGCAGAATTCCGTGAATCATCGAATCTTTGAACGCAAATTGCACTCCCTGGCATCCCGGGGAGTATGCCTGTTTGAGGGTCAGTAAAATTAAAATCGGTGCGTTGCATTTTTTGTAACGTCTCCGGAGTTTGGGTTATCTTAACTTTGAGGTTAAGAGGCTTAAAATTGACATCATTTCGCGCACTTTTAGACGTACATAAATTAATTTTTATTCGTCTAACCTGGTAGCGAAGGTTATTAGATGCGACCATGTTTCGTGGTCTCGCGTCTATAA
>gi|MOA06966|gb|AM114024| Glomeraceae Glomus Hijri06 Glom-A1 18S rDNA+ITS

TTACCGATTTTAGCGTACCTAACCTTTGGTTATGGTCTCGCGAAAACTTTGTATTTAAAACCCCACTCTTAAAAAAAAAATTTTTTAATATATAATAAATAAAGATCACTTTCAACAACGGATCTCTTGGCCCTCGCATCGATGAAGAACGTAGCGAAGTGCGATAAGTAATGTGAATTGCAAATTCCGTGAATCATCGAATCTTTGAACGCAAATTGCACTCTTTTCGGAGAGTATGCCTGTTTGAGGGTCAGTATTAATAAAAAATCGGTATGTTGCTTTTTTTGTGACGTTCCGGAGATGAGTTATCTTAATTTTTTTAGGTTAAGAGGCTTAAAATTGACATCTTTTTGCGCATTTTTTAGACGTACATAAATTTTTTTTTATTCGTTTATCCTAATGCCAAAATCTATTAGATGCGATCATATCATGTGGTTCCGTATCTATAAATATTTTCG
>gi|MOA04311|gb|HM159460| Glomeraceae Glomus sp. 18S rDNA+ITS

CAATTTTTAGCGAACCTGACTTTTTTTGGGTCATGGTCTCGCGAAAAAAACTGTATTTAAAACCCCACTCTTTATAATAATAAATGAATCTATTTATATAAATAATAAATAAAGATCACTTTCAACAACGGATCTCTTGGCTCTCGCATCGATGAAGAACGTAGCGAAGTGCGATAAGTAATGTGAATTGCAGAATTCCGTGAATCATCGAATTTTTGAACGCAAATTGCACTCTCTGGCATCCCGGGGAGTATGCCTGTTTGAGGGTCAGTATAATTAAAAATCGGTTGTGTTGCCGGAGTTGGGTTTTCTTGACCTAATTTTAGGTTAAGAGGCTTAAAATTGATATCTCTTGCGCATTTTTAGACGTACATAAAATTTTTTTTATTCGTCTACTTTTAATGCCAAAATCTATTAGATGCGACCTTATTTTTTATATGGTTACGTATCTATAATTATATTTTCATG
